Semester,Video Title,Songs,Upload Date,URL
Fall 2012,Columbia Orchesis: Sail,N/A,20121201,https://www.youtube.com/watch?v=onl4nhs-9XU
Fall 2012,Columbia Orchesis: Starstruck,N/A,20121201,https://www.youtube.com/watch?v=k4h5IOtc4ho
Fall 2012,Columbia Orchesis: This Bitter Earth,N/A,20121211,https://www.youtube.com/watch?v=9s4m6I7Gbxk
Fall 2012,Columbia Orchesis: Tahitian,N/A,20130119,https://www.youtube.com/watch?v=egxEcpP9T-Q
Spring 2012,Columbia Orchesis: Hey Ya!!,"""Hey Ya"" by Obadiah Parker",20120415,https://www.youtube.com/watch?v=OdW7qbqCuIE
Spring 2012,Columbia Orchesis: This Woman's Work,"""This Woman's Work"" by Greg Laswell",20120415,https://www.youtube.com/watch?v=TQOHXcp4JJk
Spring 2012,Columbia Orchesis: Flying Away,"""18th Floor Balcony"" by Blue October",20120416,https://www.youtube.com/watch?v=J_MDhjTLdY8
Spring 2012,Columbia Orchesis: How Far We've Come,"""How Far We've Come"" by Boyce Avenue",20120416,https://www.youtube.com/watch?v=mUttzfRQKeY
Fall 2013,Columbia Orchesis: Gracious,"""Gracious"" by Ben Howard",20131125,https://www.youtube.com/watch?v=bArSWjJY42k
Fall 2013,Columbia Orchesis: Youth,N/A,20131125,https://www.youtube.com/watch?v=JM-AGyaFZZQ
Fall 2013,Columbia Orchesis: Khona,N/A,20131125,https://www.youtube.com/watch?v=vVjQTUACX4Y
Fall 2013,Columbia Orchesis: Royal T,N/A,20131125,https://www.youtube.com/watch?v=SRBQ3Y5Z0tQ
Spring 2013,Columbia Orchesis: Veil,N/A,20130415,https://www.youtube.com/watch?v=ZICtHN3RjCc
Spring 2013,Crystallized - The MaMa Project 2013,N/A,20130930,https://www.youtube.com/watch?v=SxYSDQw5gcQ
Spring 2013,Stupid - The MaMa Project 2013,N/A,20130930,https://www.youtube.com/watch?v=ZIrYpHOWL8s
Spring 2013,Cell Block Tango - The MaMa Project 2013,N/A,20131001,https://www.youtube.com/watch?v=_-7N8-e5TTg
Fall 2014,Columbia Orchesis: Little Bird,N/A,20141115,https://www.youtube.com/watch?v=q0ay53d6iMU
Fall 2014,Columbia Orchesis: The Master,N/A,20141115,https://www.youtube.com/watch?v=-N2HFCpz7VM
Fall 2014,Columbia Orchesis: Goddess,N/A,20141115,https://www.youtube.com/watch?v=sk6_iRMm_-A
Fall 2014,Columbia Orchesis: Ruby Blue,N/A,20141115,https://www.youtube.com/watch?v=gdHA4Q8_4Y8
Fall 2014,Columbia Orchesis: Home,N/A,20141115,https://www.youtube.com/watch?v=QjQsPYjwc_g
Spring 2014,Columbia Orchesis: I Need to Make a Sound,N/A,20140421,https://www.youtube.com/watch?v=C1v_ipKKp4E
Spring 2014,Columbia Orchesis: Italics,N/A,20140421,https://www.youtube.com/watch?v=elRN112Nqac
Spring 2014,Columbia Orchesis: Almighty Sound,N/A,20140423,https://www.youtube.com/watch?v=XdPpkozBnrY
Spring 2014,Columbia Orchesis: We Run This,Run the World by Beyonce,20140423,https://www.youtube.com/watch?v=q0vxtT_vUf8
Spring 2014,Columbia Orchesis: Saltimbanco,N/A,20140423,https://www.youtube.com/watch?v=oI_YnLRBNDY
Spring 2014,Columbia Orchesis: Love and Life,N/A,20140423,https://www.youtube.com/watch?v=rnSsvqOAUgI
Spring 2014,Columbia Orchesis: Spectacle,"""When She Came Back"" by Max Richter",20140423,https://www.youtube.com/watch?v=3h_BxlgRCRU
Spring 2014,Columbia Orchesis: Tu aimes ça?,"""Partition"" by Beyonce",20140424,https://www.youtube.com/watch?v=zyu4_VQxYUE
Spring 2014,Columbia Orchesis: Run The Trap,N/A,20140428,https://www.youtube.com/watch?v=aS_ceesjFlI
Fall 2015,Columbia Orchesis: The Four Houses,“Magic Dubstep” by Terabyte Frenzy,20151230,https://www.youtube.com/watch?v=0S32mTBbB88
Fall 2015,Columbia Orchesis: Experiment 1 on Phrases 1 and 2,N/A,20151230,https://www.youtube.com/watch?v=4vYUYPfvpSc
Fall 2015,Columbia Orchesis: Water Me,“Water Me” by FKA Twigs,20151230,https://www.youtube.com/watch?v=5yEy1P_QNhQ
Fall 2015,Columbia Orchesis: Unbounded,“Great Escape” by Coeur de Pirate,20151230,https://www.youtube.com/watch?v=6sTt1-oGxM4
Fall 2015,Columbia Orchesis: Sing Sing Sing,“Sing Sing Sing” by Benny Goodman and His Orchestra,20151230,https://www.youtube.com/watch?v=KuKOkw23jaw
Fall 2015,Columbia Orchesis: Mixed Articulations,“Celloverse” by Two Cellos,20151230,https://www.youtube.com/watch?v=Uvb3D5_8mss
Fall 2015,Columbia Orchesis: Comfort Me,N/A,20151230,https://www.youtube.com/watch?v=JoCorOsf6HQ
Fall 2015,Columbia Orchesis: Hunger,“Hunger” by Of Monsters and Men,20160105,https://www.youtube.com/watch?v=c5gk8VhMm-Q
Fall 2015,Columbia Orchesis: I Forget Where,“I Forget Where we Were” by Ben Howard,20160105,https://www.youtube.com/watch?v=rr4RaVdvCtU
Fall 2015,Columbia Orchesis: Turn it up LOUD,“Turn Up the Music” by Chris Brown,20160105,https://www.youtube.com/watch?v=4R_yl4KSvmI
Fall 2015,Columbia Orchesis: You're So Cute,“Suit” by Boom! Bap! Pow!,20160105,https://www.youtube.com/watch?v=JJeAFuU-ybQ
Fall 2015,Columbia Orchesis: Wimoweh,“Drive Away (End Title)” by Thomas Newman,20160105,https://www.youtube.com/watch?v=Y4YGVaMrCxA
Fall 2015,Columbia Orchesis: Summer,“Summer” by Hayden Calnin,20160105,https://www.youtube.com/watch?v=NPYTqhHS8lA
Fall 2015,Columbia Orchesis: Happy,N/A,20160228,https://www.youtube.com/watch?v=DYdgShBrpyw
Spring 2015,Columbia Orchesis: How Will I Know?,How Will I know by Whitney Houston,20150428,https://www.youtube.com/watch?v=8VeLMIpqSqc
Spring 2015,Columbia Orchesis: Don't You Come Back,N/A,20150629,https://www.youtube.com/watch?v=EmiIHjmZEhU
Spring 2015,Columbia Orchesis: Changed,N/A,20150629,https://www.youtube.com/watch?v=F1NnVYPOTpU
Spring 2015,Columbia Orchesis: Shake It Off,N/A,20150630,https://www.youtube.com/watch?v=k-GEZwMA6vs
Spring 2015,Columbia Orchesis: Soapy Heels,N/A,20150630,https://www.youtube.com/watch?v=-gCY1wMovE0
Spring 2015,Columbia Orchesis: Dope,N/A,20150701,https://www.youtube.com/watch?v=6ol8-CBu3pY
Spring 2015,Columbia Orchesis: Human Nature,N/A,20150701,https://www.youtube.com/watch?v=4vCISBv9FC0
Spring 2015,Columbia Orchesis: Mind Heist,N/A,20150702,https://www.youtube.com/watch?v=1XnrdPUsoLo
Spring 2015,Columbia Orchesis: Won't You Come On Over,N/A,20150702,https://www.youtube.com/watch?v=5ME9BCMfkzo
Spring 2015,Columbia Orchesis: Rhythms,N/A,20150702,https://www.youtube.com/watch?v=wrF-tvfCYRM
Spring 2015,Columbia Orchesis: The Master,N/A,20150705,https://www.youtube.com/watch?v=IA5up8FIAp8
Spring 2015,Columbia Orchesis: Good Girls,N/A,20150705,https://www.youtube.com/watch?v=Q-GcQv7P6N0
Spring 2015,Columbia Orchesis: Jitterbug,N/A,20150705,https://www.youtube.com/watch?v=FHYBN6eUYAY
Spring 2015,Columbia Orchesis: Thirteen Butterflies,N/A,20150705,https://www.youtube.com/watch?v=BgspSTbTrUM
Spring 2015,Columbia Orchesis: At Last,N/A,20150705,https://www.youtube.com/watch?v=gdaXjx2W7a0
Fall 2016,Columbia Orchesis: So Cold,"""So Cold"" by Ben Cocks ft. Nikisha Reyes-Pile",20170101,https://www.youtube.com/watch?v=gp3_GaGjs0I
Fall 2016,Columbia Orchesis: It's All Coming Back to Me Now,"""It's All Coming Back to Me Now"" by Celine Dion",20170102,https://www.youtube.com/watch?v=g-9Hhz1AWNU
Fall 2016,Columbia Orchesis: You Don't Own Me,"""You Don't Own Me"" by Leslie Gore",20170110,https://www.youtube.com/watch?v=_24w4h4bNbk
Fall 2016,Columbia Orchesis: Omega,"""Omega"" by Grimes",20170110,https://www.youtube.com/watch?v=QxAgCTw3i7Y
Fall 2016,Columbia Orchesis: My Discarded Men,"""My Discarded Men"" by Eartha Kitt",20170113,https://www.youtube.com/watch?v=xCZqB4YfhAg
Fall 2016,Columbia Orchesis: Wonderful,"""Wonderful"" by Annie Lennox",20170113,https://www.youtube.com/watch?v=li_j0CHoLus
Fall 2016,Columbia Orchesis: Fission/Fusion,"""Typhoon"" by Young Fathers",20170114,https://www.youtube.com/watch?v=hdTti0wbDPE
Fall 2016,Columbia Orchesis: All That Jazz,"""Overture (All That Jazz)"" by Catherine Zeta-Jone from Chicago",20170114,https://www.youtube.com/watch?v=H-Lpy99ei30
Fall 2016,Columbia Orchesis: Feeling Good,"""Feeling Good"" by Michael Buble",20170118,https://www.youtube.com/watch?v=E_z9p-Wn7xQ
Fall 2016,Columbia Orchesis: Intimidate,"""Din Da Da"" by The Roots",20170118,https://www.youtube.com/watch?v=1pZ3T8OZKvQ
Fall 2016,Columbia Orchesis: Belief,"""Belief (Stripped Version)"" by Gavin McGraw",20170118,https://www.youtube.com/watch?v=CMeMFLq3A74
Spring 2016,Columbia Orchesis: Allergro Pour Treize,"""Hermetico"" by Balkan Beatbox",20160609,https://www.youtube.com/watch?v=XFUKW7TrtsE
Spring 2016,Columbia Orchesis: Life is Hard,"live version of ""Life is Hard"" by Edward Sharpe and the Magnetic Zeros",20160609,https://www.youtube.com/watch?v=3qUphp2eG08
Spring 2016,Columbia Orchesis: write it behind the ear,"""We Shall Never Surrender"" by Clocks & Clouds",20160609,https://www.youtube.com/watch?v=WBmx5tKCF9U
Spring 2016,Columbia Orchesis: Seniors Spring 2016,"""Sexy Back"" by Justin Timberlake Audio: John Fisher and Rachel Shafran | John Fisher and Rachel Shafran",20160609,https://www.youtube.com/watch?v=UjNKB919o2Y
Spring 2016,Columbia Orchesis: Kaleidoscopic Rhythmns,"""Intro"" by Alt-J",20160609,https://www.youtube.com/watch?v=CmpmvHEGSOI
Spring 2016,Columbia Orchesis: Crop Top Interlude,"""My House"" by Flo Rida | John Fisher and Rachel Shafran",20160609,https://www.youtube.com/watch?v=7UxcsFCpTjY
Spring 2016,Columbia Orchesis: (Collide)oscope,"""Heroes"" by David Bowie",20160610,https://www.youtube.com/watch?v=Y5v4k0qOcDk
Spring 2016,Columbia Orchesis: Go Hard or Go Home,"""Feeling Myself"" by Nicki Minaj ft. Beyoncé; ""GDFR"" by Flo Rida ft. Sage The Gemini and Lookas; ""WTF (Where They From)"" by Missy Elliot ft. Pharrell Williams",20160610,https://www.youtube.com/watch?v=8PvAgvUsaiA
Spring 2016,Columbia Orchesis: Let the Groove Get In,"""Let the Groove Get In"" by Justin Timberlake; ""Locked Away"" by R. City ft. Adam Levine; ""Flawless"" by Beyoncé; ""Flawless Club Jersey Remix"" by DJ Taj ft. DJ Panic",20160610,https://www.youtube.com/watch?v=5NGzQVt7dL0
Spring 2017,Columbia Orchesis: I See Fire,“I See Fire” by Ed Sheeran,20170419,https://www.youtube.com/watch?v=SxPzLM7k8T4
Spring 2017,Columbia Orchesis: Guillotine,“Guillotine” by Jon Bellion ft. Travis Mendes,20170419,https://www.youtube.com/watch?v=O-hO-VA7cFE
Spring 2017,Columbia Orchesis: awakening,"""Fade"" by Kayne West",20170419,https://www.youtube.com/watch?v=FcA14UDhs1M
Spring 2017,Columbia Orchesis: Gosh,“Gosh” by Jamie xx,20170419,https://www.youtube.com/watch?v=j8gPkn3ht0o
Spring 2017,Columbia Orchesis: Call the Shots,"“Don't Let Me Down (feat. Daya)"" by the Chainsmokers, ""Bitch Better Have My Money"" by Rihanna, ""King Kunta"" by Kendrick Lamar",20170419,https://www.youtube.com/watch?v=kgmjbx6pirs
Spring 2017,Columbia Orchesis: Valentine,“Valentine” by Fiona Apple,20170419,https://www.youtube.com/watch?v=GC4AJowmwF4
Spring 2017,Columbia Orchesis: Uptown Contra,“Downtown” by Rising Appalachia and the Human Experience,20170419,https://www.youtube.com/watch?v=sqcnxYUswK0
Spring 2017,Columbia Orchesis: Letter To My 16-Year- Old Self,N/A,20170419,https://www.youtube.com/watch?v=HB-GFcHOqCI
Spring 2017,Columbia Orchesis: Falling,"""Falling"" by Florence + The Machine",20170419,https://www.youtube.com/watch?v=PePqd9oriN0
Spring 2017,Columbia Orchesis: Can You Hold Me,"""Can You Hold Me"" by NF ft. Britt Nicole",20170419,https://www.youtube.com/watch?v=Z3ANnKQzX3M
Spring 2017,Columbia Orchesis: Senior Interlude 2017,“Supermodel” by Taylor Dayne,20170421,https://www.youtube.com/watch?v=CWcfLIpiq7Y
Spring 2017,Columbia Orchesis: Muses in D Minor,“Nothing Else Matters” by Appocalyptica,20170421,https://www.youtube.com/watch?v=N292reuPSMQ
Spring 2017,Columbia Orchesis: The Vision Thing,“Gemini Feed” by Annie Lennox,20170421,https://www.youtube.com/watch?v=diFN2fR86hE
Spring 2017,Columbia Orchesis: Leaving Song,“Leaving Song” by Chris Garneau,20170421,https://www.youtube.com/watch?v=FVmwoedjiQo
Spring 2017,Columbia Orchesis: YOU + ME,“You and Me” by Disclosure (Flume Remix),20170516,https://www.youtube.com/watch?v=MJXF3o_7QvY
Spring 2017,Columbia Orchesis: Fallin',“Fallin’” by Alicia Keys,20170516,https://www.youtube.com/watch?v=U6FKEQo5gnU
Spring 2017,Columbia Orchesis: Wishing Well,“Wishing Well” by Cheyenne Marie Mize,20170516,https://www.youtube.com/watch?v=92xF-iuYRI0
Fall 2018,Columbia Orchesis: Love is an Open DoOrchesis Interlude 2,“In Summer” from Frozen,20181121,https://www.youtube.com/watch?v=_4vwa4BDvjY
Fall 2018,Columbia Orchesis: Love is an Open DoOrchesis Finale,“Love Is An Open Door” by Kristen Bell and Santino Fontana,20181121,https://www.youtube.com/watch?v=8fXDfhDtH3E
Fall 2018,Columbia Orchesis: Love is an Open DoOrchesis Interlude 1,“Fixer Upper” from Frozen,20181121,https://www.youtube.com/watch?v=rToYFQMyIqI
Fall 2018,Columbia Orchesis: All We Do Is Win,"“Senile” by Young Money feat. Tyga, Nicki Minaj, Lil Wayne; “All I Do Is Win” by DJ Khaled feat. Ludacris, Snoop Dog, Rick Ross; “Yoncé” by Beyoncé; “N***** in Paris” by Jay-Z & Kanye West",20181121,https://www.youtube.com/watch?v=QjYVbEs3InA
Fall 2018,Columbia Orchesis: What About Us,“What About Us” by P!nk (cover by Davina Michelle),20181121,https://www.youtube.com/watch?v=MYf3sPVBPAY
Fall 2018,Columbia Orchesis: Untitled (Switzerland),“Switzerland” by Daughter,20181121,https://www.youtube.com/watch?v=2rgOfZ-Jlds
Fall 2018,Columbia Orchesis: Extinct by Instinct,“Sober” by Lorde,20181121,https://www.youtube.com/watch?v=bHTQV3N-zUc
Fall 2018,Columbia Orchesis: Heal,“Heal” by Tom Odell,20181121,https://www.youtube.com/watch?v=_m70y4cQZic
Fall 2018,Columbia Orchesis: Sweet Disposition,“Sweet Disposition” by The Temper Trap,20181121,https://www.youtube.com/watch?v=xXdHBBdh-mQ
Fall 2018,Columbia Orchesis: Love is an Open DoOrchesis Interlude 2,“Do You Want To Build a Snowman” from Frozen,20181121,https://www.youtube.com/watch?v=CD4gzYzZnTg
Fall 2018,Columbia Orchesis: Feel It Still,“Feel It Still” by Portugal. The Man,20181121,https://www.youtube.com/watch?v=VVjs6PNfWv0
Fall 2018,Columbia Orchesis: let’s meet downtown!,“Loaves of Bread” by Little Tybee,20181121,https://www.youtube.com/watch?v=Aih574mZyQ8
Fall 2018,"Columbia Orchesis: One, Two Step","“One, Two Step” by Ciara, Missy Elliot",20181121,https://www.youtube.com/watch?v=1H7xz_HGrSk
Fall 2018,Columbia Orchesis: London Can Take It,“London Can Take It” by Public Service Broadcasting,20181121,https://www.youtube.com/watch?v=YRVSrdbftiE
Fall 2018,Columbia Orchesis: Run Boy Run,“Run Boy Run’” by Woodkid,20181121,https://www.youtube.com/watch?v=vbsrd9GASqo
Fall 2018,Columbia Orchesis: 2017 Orchesis Board Interlude,“Let It Go” by Idina Menzel,20181121,https://www.youtube.com/watch?v=U-2l2e7LXQo
Fall 2018,Columbia Orchesis: Landfill,“Landfill” by Daughter,20181121,https://www.youtube.com/watch?v=AF-lXyLBn9g
Fall 2018,Columbia Orchesis: Kick It,"“Running Behind” by Holychild, “Mi Gente” by J Balvin and Willy William, and “Trini Dem Girls” by Nicki Minaj",20181121,https://www.youtube.com/watch?v=c__64k4RcuM
Fall 2018,Columbia Orchesis: Second Chances,“Second Chances” by Imagine Dragons,20181121,https://www.youtube.com/watch?v=cK-hzT-g3Mg
Fall 2018,Columbia Orchesis: A Chorus Line: I Hope I Get It,“I Hope I Get It” from A Chorus Line,20181121,https://www.youtube.com/watch?v=lhjefWDfBiU
Fall 2018,Columbia Orchesis: Versace on the FloOrchesis Finale,"""Versace On The Floor"" by Bruno Mars",20190310,https://www.youtube.com/watch?v=8YS64cKmpQM
Fall 2018,Columbia Orchesis: Kill the Lights,“Kill the Lights” Audien Remix by Alex Newell,20190310,https://www.youtube.com/watch?v=2Pd4mHbSs3g
Fall 2018,Columbia Orchesis: Locked In,“Latch” (Acoustic) by Sam Smith,20190310,https://www.youtube.com/watch?v=-LbEL65jzBI
Fall 2018,Columbia Orchesis Board Interlude: Uptown Funk,"""Uptown Funk"" by Mark Ronson ft. Bruno Mars",20190310,https://www.youtube.com/watch?v=_Q_1XvklnWs
Fall 2018,Columbia Orchesis: Wait&See,“you should see me in a crown” by Billie Eilish,20190310,https://www.youtube.com/watch?v=7aClHsV4f_Q
Fall 2018,Columbia Orchesis: This is Me,“This is Me” by Keala Settle and The Greatest,20190310,https://www.youtube.com/watch?v=uOFL4xq8Ow8
Fall 2018,Columbia Orchesis: The End of Love,“The End of Love” by Florence + The Machine,20190310,https://www.youtube.com/watch?v=k6wa11aw_Yo
Fall 2018,Columbia Orchesis Interlude: Just the Way You Are,"""Just The Way You Are"" by Bruno Mars",20190310,https://www.youtube.com/watch?v=DoGFs5dY3gU
Fall 2018,Columbia Orchesis: Shape of Us,“Shape of You” by Ed Sheeran,20190310,https://www.youtube.com/watch?v=y2KA9kmVIuo
Fall 2018,Columbia Orchesis: A Simple Motion,“Chains” by Matt Corby (Tina Arena Cover for,20190310,https://www.youtube.com/watch?v=llonvkN_bLA
Fall 2018,Columbia Orchesis: Rihanna Mashup,"“Umbrella” by Rihanna ft. JAY-Z, “Don’t Stop The",20190310,https://www.youtube.com/watch?v=POfNg0Pbh9Q
Fall 2018,Columbia Orchesis: No Surrender,“White Flag” by Bishop Briggs,20190310,https://www.youtube.com/watch?v=g4E2nZrJimQ
Fall 2018,Columbia Orchesis Interlude: That's What I Like,"""That's What I Like"" by Bruno Mars",20190310,https://www.youtube.com/watch?v=tUu3fLr3QQA
Fall 2018,Columbia Orchesis: Praying,“Praying” by Kesha,20190310,https://www.youtube.com/watch?v=p_mBklGX6Rw
Fall 2018,Columbia Orchesis: No Easy Way Down,“No Easy Way Down” by Carole King,20190310,https://www.youtube.com/watch?v=ZK8B0s_8GjA
Fall 2018,Columbia Orchesis Interlude: Treasure,"""Treasure"" by Bruno Mars",20190310,https://www.youtube.com/watch?v=n76EMGyzCxI
Fall 2018,Columbia Orchesis: Groove Army,“Alors on Danse” by Stromae,20190310,https://www.youtube.com/watch?v=OSBi7P_Lbkc
Fall 2018,Columbia Orchesis: Human,“Human” by Rag’n’Bone Man,20190310,https://www.youtube.com/watch?v=H5oqsDVpO_w
Fall 2018,Columbia Orchesis: Machine,“Machine” by MisterWives,20190310,https://www.youtube.com/watch?v=1Suzk02Ppfk
Spring 2018,Columbia Orchesis: Finale Spring 2018,“We’re All In This Together” from High School Musical,20180502,https://www.youtube.com/watch?v=P4GbnkpJFNQ
Spring 2018,Columbia Orchesis: Light,“Light” by Sleeping at Last,20180502,https://www.youtube.com/watch?v=F5ACPq-Fl64
Spring 2018,Columbia Orchesis: Desire,“Desire” by Years & Years,20180502,https://www.youtube.com/watch?v=yAxGMbQ042A
Spring 2018,Columbia Orchesis: Never Gonna Leave Me,“Never Gonna Leave Me” by Sia,20180502,https://www.youtube.com/watch?v=Rl0pHgmC-9I
Spring 2018,Columbia Orchesis Senior Interlude: Breaking Free (from Columbia),“Breaking Free” from High School Musical,20180502,https://www.youtube.com/watch?v=7mTFVFZHnLs
Spring 2018,Columbia Orchesis: 29 #Strafford APTS,“29 #Strafford APTS” by Bon Iver,20180502,https://www.youtube.com/watch?v=DkrwYdeTK_s
Spring 2018,Columbia Orchesis: What a Wonderful Kind of Day,“Wonderful Everyday: Arthur” by Chance,20180502,https://www.youtube.com/watch?v=CWO79a7TgdM
Spring 2018,Columbia Orchesis Interlude: Fabulous,“Fabulous” from High School Musical 2,20180502,https://www.youtube.com/watch?v=WH3CymIoJoY
Spring 2018,Columbia Orchesis: I Put a Spell On You,“I Put a Spell On You” by Annie Lennox,20180502,https://www.youtube.com/watch?v=iTWfH-4kjf4
Spring 2018,Columbia Orchesis: Reoccurrence,“COPYCAT” by Billie Eilish,20180502,https://www.youtube.com/watch?v=kjJ7wmi6z6c
Spring 2018,Columbia Orchesis: Down In the Valley,“Down in the Valley” by The Head and the Heart,20180502,https://www.youtube.com/watch?v=XPt_Ue9HSW8
Spring 2018,Columbia Orchesis: In Cold Blood,“Blood in the Cut” by K. Flay,20180502,https://www.youtube.com/watch?v=qxf7mrFnba4
Spring 2018,Columbia Orchesis: Want You Back,“Want You Back” by HAIM,20180502,https://www.youtube.com/watch?v=aYE9QfhJjMI
Spring 2018,Columbia Orchesis Interlude: Gotta Go My Own Way,“Gotta Go My Own Way” from High,20180502,https://www.youtube.com/watch?v=IPIKWLpOl5U
Spring 2018,Columbia Orchesis: Traveling Song,“Traveling Song” by Ryn Weaver,20180502,https://www.youtube.com/watch?v=yOyM4tSR_CM
Spring 2018,Columbia Orchesis Interlude: What I’ve Been Looking For,“What I’ve Been Looking For” from High,20180502,https://www.youtube.com/watch?v=fogxBW-9woo
Spring 2018,Columbia Orchesis: Anyone Who Knows What Love Is (Will Understand),“Anyone Who Knows What Love Is (Will,20180502,https://www.youtube.com/watch?v=dSokIK7xpjo
Spring 2019,Bears. Beets. Battlestar GalactOrchesis: Finale,N/A,20190617,https://www.youtube.com/watch?v=pPl4RkVhP9I
Spring 2019,Bears. Beets. Battlestar GalactOrchesis: Just Jumpin Around,N/A,20190617,https://www.youtube.com/watch?v=d-WSQhw8tds
Spring 2019,"Move Me, Baby",N/A,20190617,https://www.youtube.com/watch?v=RIpF4GAiHUw
Spring 2019,How I Met Your Mother Interlude,N/A,20190617,https://www.youtube.com/watch?v=Qi11PZQPzJk
Spring 2019,Bears. Beets. Battlestar GalactOrchesis: Tame the Ocean,N/A,20190617,https://www.youtube.com/watch?v=i6M2NwpTPG4
Spring 2019,Bears. Beets. Battlestar GalactOrchesis: ur welcome,N/A,20190617,https://www.youtube.com/watch?v=CLbV5SqwHTs
Spring 2019,Bears. Beets. Battlestar GalactOrchesis: Phenomenal Woman,N/A,20190617,https://www.youtube.com/watch?v=jJ0pfUXLi2g
Spring 2019,Friends Interlude (Seniors),N/A,20190617,https://www.youtube.com/watch?v=N44PHAEYyMM
Spring 2019,Bears. Beets. Battlestar GalactOrchesis: I Have Nothing,N/A,20190617,https://www.youtube.com/watch?v=kls96SYJWEU
Spring 2019,Bears. Beets. Battlestar GalactOrchesis: untitledfiercedancepartyshowstoppermoment,N/A,20190617,https://www.youtube.com/watch?v=88tdr0GXufw
Spring 2019,Bears. Beets. Battlestar GalactOrchesis: Schools Out 4Eva,N/A,20190617,https://www.youtube.com/watch?v=gv9-GsnGaWQ
Spring 2019,Bears. Beets. Battlestar GalactOrchesis: Breathe Life,N/A,20190617,https://www.youtube.com/watch?v=5GNlLpsZMjA
Spring 2019,Bears. Beets. Battlestar GalactOrchesis: Seinfeld Interlude,N/A,20190617,https://www.youtube.com/watch?v=yvJ_0h1fGiM
Spring 2019,Bears. Beets. Battlestar GalactOrchesis: 70s show Interlude,N/A,20190617,https://www.youtube.com/watch?v=lY3K1aOKHzc
Spring 2019,Bears. Beets. Battlestar GalactOrchesis: Done,N/A,20190617,https://www.youtube.com/watch?v=QMlfmWA-AbM
Spring 2019,Bears. Beets. Battlestar GalactOrchesis: Your Hand Fits into Mine,N/A,20190617,https://www.youtube.com/watch?v=r8kG8hcocgI
Spring 2019,Bears. Beets. Battlestar GalactOrchesis:  Eboard Speech,N/A,20190617,https://www.youtube.com/watch?v=0euc0G_JRDU
Spring 2019,Bears. Beets. Battlestar GalactOrchesis: Uptown Cabaret,N/A,20190617,https://www.youtube.com/watch?v=mTI3_mxmecw
Fall 2020,TIKTORCHESIS,N/A,20201205,https://www.youtube.com/watch?v=AoShqhWKuK4
Spring 2020,Loved Ones,N/A,20200412,https://www.youtube.com/watch?v=7j58I-nufYw
Spring 2020,20 Fine FrØkner,N/A,20200412,https://www.youtube.com/watch?v=k0iYnjRMEA8
Spring 2020,Life in ColOrchesis: EBoard Speech,N/A,20200412,https://www.youtube.com/watch?v=X_jWxHjaJ0o
Spring 2020,Life in ColOrchesis Finale: Life in Color!,N/A,20200413,https://www.youtube.com/watch?v=XkOggbyCzsw
Spring 2020,Yellow Interlude,N/A,20200413,https://www.youtube.com/watch?v=pGWOotoz7K0
Spring 2020,Blue Interlude (Board 2019),N/A,20200413,https://www.youtube.com/watch?v=vqzzAkQAXcc
Spring 2020,Green Interlude,N/A,20200413,https://www.youtube.com/watch?v=ibgzxQn8a3k
Spring 2020,Red Interlude,N/A,20200413,https://www.youtube.com/watch?v=sHeChmRQ1PM
Spring 2020,Numbers,N/A,20200413,https://www.youtube.com/watch?v=ykCgAJoOjrs
Spring 2020,bad guy,N/A,20200413,https://www.youtube.com/watch?v=mrKaLYlIGOI
Spring 2020,ICY GRL,N/A,20200413,https://www.youtube.com/watch?v=qP4wK2qXglY
Spring 2020,Moving on,N/A,20200413,https://www.youtube.com/watch?v=3knR6zSZjQE
Spring 2020,Moonlight,N/A,20200413,https://www.youtube.com/watch?v=mNpetTUyDwg
Spring 2020,I Know a Place,N/A,20200424,https://www.youtube.com/watch?v=h27Lgho5fII
Spring 2020,self | care,N/A,20200424,https://www.youtube.com/watch?v=4gYTHpZevok
Spring 2020,"Gamers, Rise Up!",N/A,20200424,https://www.youtube.com/watch?v=iuVrqn_Dd-8
Spring 2020,Rollercoaster,N/A,20200424,https://www.youtube.com/watch?v=B1R8qVvN0jQ
Spring 2020,SOSEY,N/A,20200424,https://www.youtube.com/watch?v=QxIi9NQIVF0
Spring 2020,It's Britney B****,N/A,20200424,https://www.youtube.com/watch?v=VTB1GQ6MbBs
Spring 2020,Every Heart,N/A,20200424,https://www.youtube.com/watch?v=EQmphUAUWXU
Spring 2020,Rich Girls,N/A,20200424,https://www.youtube.com/watch?v=rPteUsgJWAs
Fall 2021,Bows ~ Dance Moms: Living on the Dance FloOrchesis,N/A,20211227,https://www.youtube.com/watch?v=8fmTU8afJ7A
Fall 2021,Sushi ~ Dance Moms: Living on the Dance FloOrchesis,“Sushi” Merk & Kremont,20211227,https://www.youtube.com/watch?v=VQiOmZok7dw
Fall 2021,Don't Cha ~ Dance Moms: Living on the Dance FloOrchesis,“Don’t Cha” by the Pussy Cat Dolls,20211227,https://www.youtube.com/watch?v=lf8MnRMfqRs
Fall 2021,Electricity (Interlude) ~ Dance Moms: Living on the Dance FloOrchesis,"""Electricity"" by Ashley Jana",20211227,https://www.youtube.com/watch?v=_VOdv5VC-Oo
Fall 2021,The Wave ~ Dance Moms: Living on the Dance FloOrchesis,“The Wave” by Madeaux,20211227,https://www.youtube.com/watch?v=k6JZoxLmCoE
Fall 2021,New Moon ~ Dance Moms: Living on the Dance FloOrchesis,“Roslyn” by St. Vincent and Bon Iver,20211227,https://www.youtube.com/watch?v=ZhECBGsyQ94
Fall 2021,We On Top (Interlude) ~ Dance Moms: Living on the Dance FloOrchesis,"""We On Top (feat. Shari Short)"" by Photronique",20211227,https://www.youtube.com/watch?v=wrkNjTXnEBQ
Fall 2021,A Little Dance Party Never Killed Nobody ~ Dance Moms: Living on the Dance FloOrchesis,"""Sweet Dreams"" by Eurythmics, ""Tainted Love"" by Soft Cell, & ""Let’s",20211227,https://www.youtube.com/watch?v=RfG7uiFwXV4
Fall 2021,Avenoir ~ Dance Moms: Living on the Dance FloOrchesis,“Another Love” by Tom Odell,20211227,https://www.youtube.com/watch?v=bYANVz3PLBQ
Fall 2021,Waiting Game ~ Dance Moms: Living on the Dance FloOrchesis,“Waiting Game” by BANKS,20211227,https://www.youtube.com/watch?v=vV58OA6riAc
Fall 2021,Clair de lune ~ Dance Moms: Living on the Dance FloOrchesis,“Clair de Lune” by Claude Debussy,20211227,https://www.youtube.com/watch?v=4kmLZxBt8Sw
Fall 2021,Cry  (Interlude) ~ Dance Moms: Living on the Dance FloOrchesis,"""Cry"" by Alexx Calise",20211227,https://www.youtube.com/watch?v=dwqVgXlN_9o
Fall 2021,Party Party Party (Interlude) ~ Dance Moms: Living on the Dance FloOrchesis,"""Party Party Party"" by Ashley Jana",20211227,https://www.youtube.com/watch?v=dhRmK_7tJNU
Fall 2021,Hot2Touch ~ Dances Moms: Living on the Dance FloOrchesis,"“Hot2touch” by Felix Jaehn, Hight, and Alex Aiono",20211227,https://www.youtube.com/watch?v=AKAu_9ezzBU
Fall 2021,i can still feel you ~ Dances Moms: Living on the Dance FloOrchesis,“Cavalier” by James Vincent McMorrow,20211227,https://www.youtube.com/watch?v=THTAPC0g9CA
Fall 2021,Astroboy ~ Dances Moms: Living on the Dance FloOrchesis,"""Astroboy” by Suggi",20211227,https://www.youtube.com/watch?v=1aVA7U6-0A0
Fall 2021,Introduction ~ Dances Moms: Living on the Dance FloOrchesis,N/A,20211227,https://www.youtube.com/watch?v=4wnMS91Z-o4
Fall 2021,Executive Board Speech ~ Dances Moms: Living on the Dance FloOrchesis,N/A,20211227,https://www.youtube.com/watch?v=27tfKYJ5ZPA
Spring 2021,"Live From New YOrchesis, It's Saturday Night!",N/A,20210411,https://www.youtube.com/watch?v=2SPGlLCxtT0
Fall 2022,Turn You to Stone (DiscOrchesis),"""Turns You Into Stone"" by Fleurie and Tommee Profitt",20230124,https://www.youtube.com/watch?v=EosWnV69MO0
Fall 2022,The Wheel (DiscOrchesis),"""the wheel"" by SOHN",20230124,https://www.youtube.com/watch?v=83dbbNdz2ec
Fall 2022,Cabaret (DiscOrchesis),"""Cabaret"" by Liza Minelli",20230124,https://www.youtube.com/watch?v=0yD94UAzH0w
Fall 2022,Don't Forget to Breathe (DiscOrchesis),"""Don’t Forget to Breathe"" by Bitter:Sweet",20230124,https://www.youtube.com/watch?v=349oqRmtda8
Fall 2022,Executive Board 2022 Speech  DiscOrchesis,N/A,20230124,https://www.youtube.com/watch?v=iKwT9G5c3Bc
Fall 2022,Feel It Still (DiscOrchesis),"""Feel it Still"" by Portugal. The Man",20230124,https://www.youtube.com/watch?v=UkOVWTe5sL0
Fall 2022,Bored (DiscOrchesis),"""Bored"" by Billie Eilish",20230124,https://www.youtube.com/watch?v=4mLaDiDdnig
Fall 2022,Dancing Queen - Finale (DiscOrchesis),"""Dancing Queen"" by ABBA",20230124,https://www.youtube.com/watch?v=jdw114JyJFY
Fall 2022,Blame it on the Boogie - Interlude (DiscOrchesis),"""Blame it on the Boogie"" by the Jackson 5",20230124,https://www.youtube.com/watch?v=4rMPpiUxhjE
Fall 2022,Pump It (DiscOrchesis),"""Pump It"" by the Black Eyed Peas",20230124,https://www.youtube.com/watch?v=5Lcx2kPpe6s
Fall 2022,Moderation (DiscOrchesis),"""Moderation"" by Florence and the Machine",20230124,https://www.youtube.com/watch?v=92Ahs9NiFto
Fall 2022,I Feel Love - Board Interlude (DiscOrchesis),"""I Feel Love"" by Donna Summer",20230124,https://www.youtube.com/watch?v=CwugBvx-KKY
Fall 2022,First Love/Late Spring (DiscOrchesis),"""First Love/Late Spring"" by Mitski",20230124,https://www.youtube.com/watch?v=DGqZCK0Z2rQ
Fall 2022,It's Gonna Be Me DiscOrchesis,"""It's Gonna Be Me"" by NSYNC",20230124,https://www.youtube.com/watch?v=DwzxOf--dx4
Fall 2022,Music for a Sushi Restaurant (DiscOrchesis),"""Music for a Sushi Restaurant"" by Harry Styles",20230124,https://www.youtube.com/watch?v=KYnKjbTVPtI
Fall 2022,Naked in Manhattan (DiscOrchesis),"""Naked in Manhattan"" by Chappell Roan",20230124,https://www.youtube.com/watch?v=O35ZlDUBfKw
Fall 2022,Stayin' Alive - Interlude (DiscOrchesis),"""Stayin' Alive"" by the Bee Gees",20230124,https://www.youtube.com/watch?v=Rf-rw8rDxIE
Fall 2022,Hallowed Ground (DiscOrchesis),Hallowed Ground by Bishop Briggs,20230124,https://www.youtube.com/watch?v=gGdAcg9_sls
Fall 2022,More Than a Woman - Choreographer Interlude (DiscOrchesis),N/A,20230124,https://www.youtube.com/watch?v=hATD21DZDnc
Fall 2022,XS (DiscOrchesis),"""XS"" by Rina Sawayama",20230124,https://www.youtube.com/watch?v=i0M6_Skx6jE
Fall 2022,More Than a Woman - Choreographer Interlude (DiscOrchesis),"""More than a Woman"" by the Bee Gees",20230124,https://www.youtube.com/watch?v=q_toN32XdsM
Spring 2022,RAIN (EuphOrchesis),"""Rain Dance"" (Marian Hill Remix) by Whilk & Misky, Marian Hill",20220417,https://www.youtube.com/watch?v=Xt02snMVW14
Spring 2022,30/90 (EuphOrchesis),"""30/90"" by Andrew Garfield, Joshua Henry, and Vanessa Hudgens",20220417,https://www.youtube.com/watch?v=qDI8_WclF_Q
Spring 2022,Formula- Interlude (EuphOrchesis),":Formula"" by Labrinth",20220417,https://www.youtube.com/watch?v=NZuDALTPkJA
Spring 2022,Dawning (EuphOrchesis),"""Hearing"" by Sleeping at Last",20220417,https://www.youtube.com/watch?v=SD3kfPD6-3E
Spring 2022,Positions (EuphOrchesis),"""Positions"" by Arianna Grande",20220417,https://www.youtube.com/watch?v=yLMOlLBZzhY
Spring 2022,I Need A Hero! - Finale (EuphOrchesis),"""I Need A Hero"" by Bonnie Tyler",20220417,https://www.youtube.com/watch?v=8kvsCOWAHzc
Spring 2022,Bring Me To Life (EuphOrchesis),"""Bring Me To Life"" by Evanescence (acoustic version)",20220417,https://www.youtube.com/watch?v=F1TOLBMRxtI
Spring 2022,Still Don't Know My Name- Interlude (EuphOrchesis),"""Still Don't Know My Name"" by Labrinth",20220417,https://www.youtube.com/watch?v=QvWLpNdF71I
Spring 2022,A Pop Medley (EuphOrchesis),"Woman (Mash Art Remix) by Doja Cat ft. Ariana Grande, Nicki Minaj, Dua Lipa, Missy Elliott",20220417,https://www.youtube.com/watch?v=o1Y8N0AO580
Spring 2022,Supercut (EuphOrchesis),"""Supercut"" by Lorde",20220417,https://www.youtube.com/watch?v=ElOOEHYyWEU
Spring 2022,These Boots,"""These Boots Are Made For Walkin"" by Nancy Sinatra",20220417,https://www.youtube.com/watch?v=0xVJOVxb1gE
Spring 2022,Oh My God (EuphOrchesis),"""Oh my God"" by Sevdaliza",20220417,https://www.youtube.com/watch?v=K0wnlgKsuoI
Spring 2022,Something to Dance For- Interlude (EuphOrchesis),"""Something to Dance For"" by Zendaya",20220417,https://www.youtube.com/watch?v=mV12yrRWS7E
Spring 2022,Magic to Do (EuphOrchesis),"""Magic To Do"" by Patina Miller & The Players",20220417,https://www.youtube.com/watch?v=_AMZiZ9VpMw
Spring 2022,Gemini (EuphOrchesis),"""Gemini"" by Tash Sultana",20220417,https://www.youtube.com/watch?v=9yosPUKiw48
Spring 2022,"Executive Board 2022 Speech ""EuphOrchesis""",N/A,20220417,https://www.youtube.com/watch?v=tfbcl4krvPc
Spring 2022,All for Us - Interlude (EuphOrchesis),"""All For Us"" by Labrinth",20220417,https://www.youtube.com/watch?v=BSlZWMMM_bw
Spring 2022,Kokomo (EuphOrchesis),"""Kokomo"" by The Beach Boys",20220417,https://www.youtube.com/watch?v=-TaSP3ox-Jc
Spring 2022,Primitive (EuphOrchesis),"""Primitive"" by Richard Vission and Luciana",20220417,https://www.youtube.com/watch?v=3o5K4H7CFwA
Fall 2023,5 6 7 8 - Interlude (RodeOrchesis),"""5, 6, 7, 8"" by Steps",20231121,https://www.youtube.com/watch?v=PR6c8O4uX5A
Fall 2023,Shadowland (RodeOrchesis),“Nina Cried Power” by Hozier (ft. Mavis Staples),20231121,https://www.youtube.com/watch?v=qe4klnuSmH4
Fall 2023,When I Grow Up (RodeOrchesis),“When I Grow Up” by The Pussycat Dolls,20231121,https://www.youtube.com/watch?v=6WNs4fXpY2E
Fall 2023,Save a Horse - Finale (RodeOrchesis),“Save a Horse (Ride a Cowboy)” by Big & Rich,20231121,https://www.youtube.com/watch?v=Pc4euOSV2U0
Fall 2023,The Chain (RodeOrchesis),“The Chain” by Fleetwood Mac,20231121,https://www.youtube.com/watch?v=DaoJsO-Mpiw
Fall 2023,Pon de Replay (RodeOrchesis),“Pon de Replay” by Rihanna,20231121,https://www.youtube.com/watch?v=WGok9zZY25w
Fall 2023,Runaway (RodeOrchesis),“Runaway” by The Rigs,20231121,https://www.youtube.com/watch?v=SkLl8mQ1n5Q
Fall 2023,Me and Your Mama (RodeOrchesis),“Me and Your Mama” by Childish Gambino,20231121,https://www.youtube.com/watch?v=P7Jc-mtjx1k
Fall 2023,Hot to Go! (RodeOrchesis),“HOT TO GO!” by Chappell Roan,20231121,https://www.youtube.com/watch?v=W1xdNvhQMvc
Fall 2023,Gimme More (RodeOrchesis),“Gimme More” by Britney Spears,20231121,https://www.youtube.com/watch?v=PqIyQefgs0I
Fall 2023,Life is a Highway - Interlude (RodeOrchesis),“Life is a Highway” by Rascal Flatts,20231121,https://www.youtube.com/watch?v=F55ZZwpMA7Q
Fall 2023,First Light (RodeOrchesis),“First Light” by Hozier,20231121,https://www.youtube.com/watch?v=kVMy1JwllfE
Fall 2023,Free (RodeOrchesis),“Free” by Florence + The Machine,20231121,https://www.youtube.com/watch?v=aiISf7yKCQU
Fall 2023,False Confidence (RodeOrchesis),“False Confidence” by Noah Kahan,20231121,https://www.youtube.com/watch?v=42qoncfpCFw
Fall 2023,Executive Board 2023 Speech (RodeOrchesis),N/A,20231121,https://www.youtube.com/watch?v=ySHTuk_Z3r0
Fall 2023,Fake ID - Interlude (RodeOrchesis),“Fake ID” by  Big & Rich (ft. Gretchen Wilson),20231121,https://www.youtube.com/watch?v=I8wgJbBwL5Y
Fall 2023,Cross-Eyed (RodeOrchesis),“Cross-Eyed” by Clara Bryn,20231121,https://www.youtube.com/watch?v=iYNnOpOPJAA
Fall 2023,Breakin' Dishes (RodeOrchesis),“Breakin’ Dishes” by Rihanna,20231121,https://www.youtube.com/watch?v=6emoIlg3s1M
Fall 2023,Barbietopia (RodeOrchesis),"“I’m Just Ken” by Ryan Gosling, “Dance The Night” by Dua Lipa",20231121,https://www.youtube.com/watch?v=vp5TyVwYIOg
Fall 2023,Country Girl - Interlude (RodeOrchesis),“Country Girl” by Luke Bryan,20231121,https://www.youtube.com/watch?v=uagndckyP7E
Fall 2024,Cruisin' for a Bruisin' (OrCARsis),"Cruisin' for a Bruisin' by Grace Phipps, Jason Evigan, and Ross Lynch",20241209,https://www.youtube.com/watch?v=RHABlZoUMNU
Fall 2024,Finale (OrCARsis),Shut up and drive by Rihanna,20241209,https://www.youtube.com/watch?v=1DhafjrLbTE
Fall 2024,Bad Girls (OrCARsis),Bad Girls by M.I.A.,20241209,https://www.youtube.com/watch?v=699avBGS-EE
Fall 2024,Gas Pedal - Choreographer Interlude (OrCARsis),Gas pedal by Sage the Gemini,20241209,https://www.youtube.com/watch?v=74KJww0Qs0Y
Fall 2024,Only Girl (OrCARsis),Only girl in the world by Rihanna,20241209,https://www.youtube.com/watch?v=uABvMjpSIS8
Fall 2024,Dancin' with Myself (OrCARsis),Dancing with myself by billy idol and generation x,20241209,https://www.youtube.com/watch?v=qEkfHiVWeyM
Fall 2024,"Your Needs, My Needs (OrCARsis)","Your Needs, My Needs by Noah Kahan",20241209,https://www.youtube.com/watch?v=0qXi37ZBnRs
Fall 2024,White Ferrari (OrCARsis),White Ferrari by Frank Ocean,20241209,https://www.youtube.com/watch?v=zRPUr3qtQXw
Fall 2024,Vroom Vroom - Board Interlude (OrCARsis),Vroom Vroom by charli xcx,20241209,https://www.youtube.com/watch?v=5yoEQ372GJ8
Fall 2024,Not Strong Enough (OrCARsis),Not Strong Enough by boygenius,20241209,https://www.youtube.com/watch?v=CpL1KD0vF10
Fall 2024,Crazy In Love (OrCARsis),Crazy In Love by Beyoncé (Homecoming version),20241209,https://www.youtube.com/watch?v=zRW4jTEGvug
Fall 2024,SexyBack (OrCARsis),Sexyback by Justin Timberlake,20241209,https://www.youtube.com/watch?v=QtEGskWVHOE
Fall 2024,Paper Planes (OrCARsis),Paper Planes by MIA and Paper Planes by Scott Bradlee's Post Modern Jukebox,20241209,https://www.youtube.com/watch?v=MtYXrWqrCAg
Fall 2024,Francesca (OrCARsis),Francesca by Hozier,20241209,https://www.youtube.com/watch?v=O7D__SvwHuA
Fall 2024,Highway to Hell - Interlude (OrCARsis),highway to hell by ac/dc,20241209,https://www.youtube.com/watch?v=SrUTZlvfHJg
Fall 2024,Trustfall (OrCARsis),Trustfall by P!nk,20241209,https://www.youtube.com/watch?v=999ZBFpfKWo
Fall 2024,the boy is mine (OrCARsis),the boy is mine by Ariana Grande,20241209,https://www.youtube.com/watch?v=a1Rzni16yfs
Fall 2024,Fallin (OrCARsis),Fallin' by Alicia Keys,20241209,https://www.youtube.com/watch?v=3at-nK7BCcA
Fall 2024,Tokyo Drift - Interlude (OrCARsis),Tokyo Drift by Teriyaki Boyz,20241209,https://www.youtube.com/watch?v=PknWFJMktG4
Fall 2024,2024 Executive Board Speech (OrCARsis),N/A,20241209,https://www.youtube.com/watch?v=nHmfmuaR32A
Spring 2024,Venus- Senior Interlude (InterstellOrchesis),"""Venus"" by Lady Gaga",20240414,https://www.youtube.com/watch?v=VB3EKi4YUPg
Spring 2024,Alien Superstar- Choreographer Interlude (InterstellOrchesis),"""Alien Superstar"" by Beyoncé",20240414,https://www.youtube.com/watch?v=i7WHBqhexc0
Spring 2024,Step In Time (InterstellOrchesis),"""Step In Time"" by Mary Poppins Cast",20240414,https://www.youtube.com/watch?v=RGj_euRXC3w
Spring 2024,Snow Angel (InterstellOrchesis),"""Snow Angel"" by Reneé Rapp",20240414,https://www.youtube.com/watch?v=FQLazIApmXg
Spring 2024,Sweet Dreams (InterstellOrchesis),"""Sweet Dreams"" by Beyoncé",20240414,https://www.youtube.com/watch?v=3amZXa1d2U8
Spring 2024,Poker Face (InterstellOrchesis),"""Poker Face"" by Lady Gaga",20240414,https://www.youtube.com/watch?v=3l7klpxICds
Spring 2024,Can't Touch It (InterstellOrchesis),"""Can't Touch It"" by Ricki-Lee",20240414,https://www.youtube.com/watch?v=5TUM0_6dj3U
Spring 2024,E.T.- Interlude (InterstellOrchesis),"""E.T."" by Katy Perry",20240414,https://www.youtube.com/watch?v=7-p93j_qCPI
Spring 2024,I Did Something Bad... Don't Blame Me (InterstellOrchesis),"""I Did Something Bad"" and ""Don't Blame Me"" by Taylor Swift",20240414,https://www.youtube.com/watch?v=gXdjne8TQr0
Spring 2024,View Between Villages (InterstellOrchesis),"""View Between Villages"" by Noah Kahan",20240414,https://www.youtube.com/watch?v=D45CpTbAXXM
Spring 2024,Let The Light In (InterstellOrchesis),"""Let The Light In"" (feat. Father John Misty) by Lana Del Ray",20240414,https://www.youtube.com/watch?v=dDFWAURpGMc
Spring 2024,InterstellOrchesis Executive Board Speech,N/A,20240414,https://www.youtube.com/watch?v=LXArC41UQGQ
Spring 2024,Dem Beats (InterstellOrchesis),"""Dem Beats"" by Todrick Hall and RuPaul",20240414,https://www.youtube.com/watch?v=tQuH4QKSGpc
Spring 2024,All-American Bitch (InterstellOrchesis),"""All-American Bitch"" by Olivia Rodrigo",20240414,https://www.youtube.com/watch?v=1_hjpL_mxDU
Spring 2024,Intergalactic- Interlude (InterstellOrchesis),"""Intergalactic"" by Beastie Boys",20240414,https://www.youtube.com/watch?v=wc6jrUiUX24
Spring 2024,Starships- Finale (InterstellOrchesis),"""Starships"" by Nicki Minaj",20240415,https://www.youtube.com/watch?v=_QoCzklHgw4
Spring 2024,Lie (InterstellOrchesis),"""Lie"" by BTS",20240415,https://www.youtube.com/watch?v=aXewAnWOzCk
Spring 2024,Girls Against God (InterstellOrchesis),"""Girls Against God"" by Florence + The Machine",20240415,https://www.youtube.com/watch?v=MzFLWORzvDM
Spring 2024,Bennie and the Jets (InterstellOrchesis),"""Bennie and the Jets"" by Elton John",20240415,https://www.youtube.com/watch?v=GRy-a12buOY
Spring 2024,Love on the Brain (InterstellOrchesis),"""Love on the Brain"" by Rhianna",20240415,https://www.youtube.com/watch?v=17ETnafb1hI
